<?xml version="1.0" encoding="UTF-8"?>
<project-private xmlns="http://www.netbeans.org/ns/project-private/1">
    <editor-bookmarks xmlns="http://www.netbeans.org/ns/editor-bookmarks/2" lastBookmarkId="0"/>
    <open-files xmlns="http://www.netbeans.org/ns/projectui-open-files/2">
        <group>
            <file>file://Mac/Home/Documents/NetBeansProjects/PECL3/src/pecl3/PECL3.java</file>
            <file>file://Mac/Home/Documents/NetBeansProjects/PECL3/src/pecl3/CrearRol.java</file>
            <file>file://Mac/Home/Documents/NetBeansProjects/PECL3/src/pecl3/Insercion.java</file>
        </group>
    </open-files>
</project-private>
